id,grocery_bill_id,item_name,qty,unit_price,line_total
021191dd-cdb2-405e-95b7-f3a121d1630f,b3f26559-3e91-4739-b1fc-bef0b8a25094,BREAD FRUIT LANKOS Kg { Za \,1.000,20.00,10.00
0249364f-4a26-4069-ba84-2eaecb8a60d1,616b7cc8-bdee-4fda-9065-24aab9a12cde,Egg India,30.000,2.00,60.00
03106fed-f3a4-4879-8b53-75f596ec8b0c,54a70f2d-cc95-4793-98a3-0e3fb9b63d22,Cucumber Fresh Chinese,0.300,95.00,33.25
03fd3b03-af27-4471-8857-11535e5b87e4,b3f26559-3e91-4739-b1fc-bef0b8a25094,BANANA BUNCH INIO Kg ne,6.000,25.00,3.00
07a033db-80b0-4c38-808b-750d7f936510,b3f26559-3e91-4739-b1fc-bef0b8a25094,CARRY BAG (LARG Pcs,1.860,1.86,7.00
0831378f-9ca1-4345-b050-f7e2ea77a3cc,891458c2-b2b6-489e-9b5e-ac19b8c3dcf7,Submarine,5.000,50.00,250.00
0e19413e-e35c-4587-8bc1-76a5476dfd40,0f2a552e-5cbe-4ba5-bd21-e2e409b29009,CHINESE CUCUMBIO. Kg be: (Kg Noi),13.000,65.00,8.45
0eb332df-8f58-45ce-8f7e-110f6fdda884,5dbd1e96-a7f5-40a7-ab59-54082c043f75,Passion Fruit Lanka,1.160,150.00,174.00
13230bfc-b1a8-476a-b3ee-69c969005303,b1d83242-8f0f-4073-8117-cbc516076988,Fanta bottle,1.000,43.83,43.83
166587d5-dbfe-45d3-9589-7cfe256d6be7,54a70f2d-cc95-4793-98a3-0e3fb9b63d22,Fanta Strawberry,1.000,13.21,13.21
177860b5-920d-44f6-aafa-4522190c9749,b3f26559-3e91-4739-b1fc-bef0b8a25094,CARROT CHINANEO. Kg i (Kg),13.000,25.00,3.26
178f8f40-ea65-4d52-aa1e-5eef5a2e952d,d2634ad8-d943-4067-8251-2ce6a88a7ed8,plastic bag fees,1.000,2.00,2.00
186f3cd8-52f4-4da6-b0e4-e8674f035218,616b7cc8-bdee-4fda-9065-24aab9a12cde,Inion India,2.900,10.00,29.00
1afc0831-2ffc-433c-8cda-ebba43fb9062,b3f26559-3e91-4739-b1fc-bef0b8a25094,CHINESE CUCUMBIO. Kg be: (Kg Noi),13.000,65.00,8.45
1eda18d4-0376-4e4f-9ca8-c0f2dad39bc3,f671d931-c5a0-4848-bbc7-b9513ab68345,Submarine,5.000,50.00,250.00
2d6dc627-0912-4416-ab2e-3ef72bf20d50,5c70d62a-7f34-4fed-81c9-b5931664a73d,Colgate,2.000,43.50,87.00
3bd39f6e-a04c-42c0-8a8e-4a1fd3d4c5ae,0f2a552e-5cbe-4ba5-bd21-e2e409b29009,Kg D% %Damage s ©,1.000,66.67,9.00
3cba6d64-8b05-4ba2-adfb-9c8a8fb8f51a,0f2a552e-5cbe-4ba5-bd21-e2e409b29009,BREAD FRUIT LANKOS Kg { Za \,1.000,20.00,10.00
3d09d077-e754-4750-8ba8-4484e46a3489,19ff272f-a981-4046-a81b-e4f11848e83d,Onion pal,3.000,5.00,15.00
3fab105e-a0d3-44b3-aeae-b2289e9aef29,5dbd1e96-a7f5-40a7-ab59-54082c043f75,Egg India,60.000,1.75,105.00
40003728-377b-43b2-b7a3-252a6026c46a,19ff272f-a981-4046-a81b-e4f11848e83d,Guava egypt,0.890,120.00,106.80
426b0002-fcc7-4b7a-beff-8f01357ed8fb,d2634ad8-d943-4067-8251-2ce6a88a7ed8,bread town hot dog,3.000,15.00,45.00
46293f8f-f618-4d9d-9eb1-0027b351f6d4,9ebc4cdc-269c-4d4f-987b-1c31faa8dd16,Milk powder,1.000,280.00,280.00
4efe37d2-ad46-439b-8a3f-cb2bdb8cec2c,b3f26559-3e91-4739-b1fc-bef0b8a25094,SWEET POTATO EC Kg © i,42.000,20.00,840.00
5068dfe0-fab2-45d3-a390-455016f96e1c,54a70f2d-cc95-4793-98a3-0e3fb9b63d22,Bega Super Slice,1.000,59.26,59.26
535d3a29-cf60-4ec5-854f-2a1423125d8d,b3f26559-3e91-4739-b1fc-bef0b8a25094,Kg D% %Danage # Ze,1.000,70.00,2.00
5753fc2e-a9d7-4097-a69c-46ae7a8a7429,0f2a552e-5cbe-4ba5-bd21-e2e409b29009,CARROT CHINANEO. Kg i (Kg),13.000,25.00,3.26
57b70db3-d7fb-4e5b-aff3-ab0619056f8b,0f2a552e-5cbe-4ba5-bd21-e2e409b29009,CARRY BAG (LARG Pcs,1.860,1.86,7.00
58957d28-7f68-467c-a7d8-7ac93627fedd,d2634ad8-d943-4067-8251-2ce6a88a7ed8,sausage,2.000,23.14,46.28
5dfae07c-b097-4b74-bf9b-c6db94ccca9a,5c70d62a-7f34-4fed-81c9-b5931664a73d,Soap,2.000,108.00,216.00
619edc88-ac47-428c-a025-c0a7906ee4d3,b1d83242-8f0f-4073-8117-cbc516076988,Watermelon,2.000,20.00,40.00
626ed384-99f9-4498-a919-156ac14849c0,504829b5-a62b-4aa5-a753-022757c92962,Chicken Gizzard,1.000,58.00,58.00
64477b12-cfb5-4e1b-bcce-8ead219603fd,54a70f2d-cc95-4793-98a3-0e3fb9b63d22,Nestle Cream Oroginal,2.000,37.03,74.06
668b9ad1-86fe-4c0f-b641-0aeac9bef914,0f2a552e-5cbe-4ba5-bd21-e2e409b29009,CHICKEN S GMS Pos |,1.000,11.00,7.00
66e6972d-adc9-4907-865c-320b1c67abef,b3f26559-3e91-4739-b1fc-bef0b8a25094,Kg D% %Damage s ©,1.000,66.67,9.00
677b57ae-d76f-4b03-bef2-853e6de9d8c2,e064b60f-ccdf-47f6-8342-498c7cf6ec01,Mac Baren Grape,3.000,129.63,388.89
6a394dea-2cb4-4e82-b4bc-714c1762cd55,19ff272f-a981-4046-a81b-e4f11848e83d,Passion Fruit in,0.900,50.00,45.00
6f3c1da8-0df8-4756-988b-787afd680902,b3f26559-3e91-4739-b1fc-bef0b8a25094,GARLIC CHINA NEV Kg (Kg),0.100,40.00,4.00
7021b6a4-2701-4378-80c6-7aaa41f574ca,b1d83242-8f0f-4073-8117-cbc516076988,Chicken Cube,4.000,7.00,28.00
765af9e9-48a6-4426-a2e3-71310bd9ea33,0f2a552e-5cbe-4ba5-bd21-e2e409b29009,Kg D% %Damage Er,1.000,2553.00,2553.00
793d546d-58ca-43b1-9be8-0b07fb694784,b3f26559-3e91-4739-b1fc-bef0b8a25094,CHICKEN S GMS Pos |,1.000,11.00,7.00
81459fea-7834-4f49-b339-164c7ae5ba7e,59a42800-6b39-4587-9ba1-611f2680efdb,Bilai gandu,2.000,10.00,20.00
8390d685-f562-40d0-b174-fbdc24447a4a,616b7cc8-bdee-4fda-9065-24aab9a12cde,Potato India,0.600,15.00,9.00
83d8d2b6-c6d1-46fc-8f15-733a65bf719f,616b7cc8-bdee-4fda-9065-24aab9a12cde,Orange Egypt,4.000,4.50,18.00
840eb420-90eb-4387-8694-135abf5322b6,142fc339-8261-4feb-bbf8-e5dd719690f5,Tissue,1.000,30.00,30.00
882f9254-4dbc-47d7-bacb-86b9285582db,3480ebd1-6f63-46e0-9c66-9768b7cabb02,Taza water 5liter ×4,5.000,60.00,300.00
8aa41241-5bb6-49df-9f81-afe50adef385,b3f26559-3e91-4739-b1fc-bef0b8a25094,ORANGE EGYPT Pcs (Pcs),6.000,400.00,24.00
8e387eab-730e-441e-aac8-273149511b3e,0f2a552e-5cbe-4ba5-bd21-e2e409b29009,GARLIC CHINA NEV Kg (Kg),0.100,40.00,4.00
9154100b-af50-4401-b9fe-f7ad6f25f6a6,5dbd1e96-a7f5-40a7-ab59-54082c043f75,Guava Pink India,1.410,85.00,119.85
94204a3c-c804-4041-95df-f6114a2f347f,17bbc62b-a3b7-4582-8b79-c521883a6126,Chicken 1200gm,1.000,66.00,66.00
97fed992-f37f-445f-ae9d-5388ce902b4e,564b99d3-777c-44e8-aab1-b22312faa8d0,Beetle Nut,1.000,175.00,175.00
9a2f5fb9-eb12-4f78-a8ea-674b89ea85d3,54a70f2d-cc95-4793-98a3-0e3fb9b63d22,Alcyon White bread Large-,2.000,25.00,50.00
9f6ed3e9-555e-4ffc-8e9b-baa6d2485dee,19ff272f-a981-4046-a81b-e4f11848e83d,Orange lp,10.000,4.50,45.00
9fafa939-805d-45ea-93a4-8c2ac03f1fce,56dc648d-f20c-43ed-a30d-60f598082c50,coffee,3.000,5.00,15.00
a06ec467-1fee-48df-a291-90b490976fc2,0f2a552e-5cbe-4ba5-bd21-e2e409b29009,ORANGE EGYPT Pcs (Pcs),6.000,400.00,24.00
a1cda38a-2bb2-4aa2-86e1-601a03b22bf8,56005432-4401-4be2-b21f-0870f7d926ef,Drumstick,1.000,70.00,70.00
a206a283-48e9-45dc-9347-e9bd0ce4fa86,616b7cc8-bdee-4fda-9065-24aab9a12cde,Passion Fruit Lanka,0.520,135.00,70.20
a526fc9f-cd22-4843-9792-6723201b3311,0f2a552e-5cbe-4ba5-bd21-e2e409b29009,RED BELL PEPPER Kg (Kg Sw),0.220,90.00,3.00
a9dc66cf-daeb-4a29-8036-9ce05f74318f,e064b60f-ccdf-47f6-8342-498c7cf6ec01,SMK gold & White,6.000,9.26,55.56
b28b5961-cbd1-42c7-a833-cc8a38c97e1b,e064b60f-ccdf-47f6-8342-498c7cf6ec01,Slim Long Premium Filter,3.000,23.15,69.45
b2e5c8cc-c5e7-4530-b696-25af60ae7567,0f2a552e-5cbe-4ba5-bd21-e2e409b29009,BANANA BUNCH INIO Kg ne,6.000,25.00,3.00
b36a63c6-47b9-4dd5-a88d-a682e7c65a9a,5dbd1e96-a7f5-40a7-ab59-54082c043f75,Watermelon,3.280,27.00,88.56
b59908c2-b392-46c7-838f-f8d04e145cfb,d2fa1ebf-1b8c-44b1-9e26-7c15c458e3ab,Sugar,5.000,4.00,20.00
b90e7a10-4bae-4fbc-8094-6fba74e9b3fc,54a70f2d-cc95-4793-98a3-0e3fb9b63d22,plastic bag fees,1.000,2.00,2.00
bb4639be-b36c-48db-be3e-0982da339677,0f2a552e-5cbe-4ba5-bd21-e2e409b29009,BROCOLLI EGYPT Kg Va,63.000,30.00,18.90
c2b43419-fe54-47bf-a617-e915e690ad28,616b7cc8-bdee-4fda-9065-24aab9a12cde,Capsicum India,0.370,85.00,31.45
c77154ab-ff68-4bd4-84e4-ab1826df09ce,b3f26559-3e91-4739-b1fc-bef0b8a25094,BROCOLLI EGYPT Kg Va,63.000,30.00,18.90
cba64133-c750-4ec4-9b5f-7b2b86274b33,b3f26559-3e91-4739-b1fc-bef0b8a25094,ONION INDIA BOAT Kg TOA (Kg NC),1.160,10.00,11.60
cfa622a0-71a1-45f5-a2d1-eee99bfb4d4c,0f2a552e-5cbe-4ba5-bd21-e2e409b29009,Kg D% %Danage # Ze,1.000,70.00,2.00
d13c1578-a17a-4df4-9dad-307bfa24b235,142fc339-8261-4feb-bbf8-e5dd719690f5,Vatika Hair Cream,1.000,55.00,55.00
d40fe755-deb9-4019-9c7f-337f35d73a63,142fc339-8261-4feb-bbf8-e5dd719690f5,Lotion,1.000,108.00,108.00
d48269c8-5dc5-4474-9b3e-7894d2a35b9d,ed1de5d5-5f66-4090-bba9-f184e04440ff,Chips More,2.000,25.00,50.00
e0b25b70-a34a-4ff2-9c00-02d027cae9d9,5c70d62a-7f34-4fed-81c9-b5931664a73d,Dove Spray,2.000,46.00,92.00
e0bf991c-9c87-46b8-a441-d134c39eb0fb,616b7cc8-bdee-4fda-9065-24aab9a12cde,Munch Marie,1.000,24.52,24.52
e16270e9-bd54-4b8d-a883-4152a75f3c94,3e9c450b-9890-4e6e-a0ad-82b2cf0a422a,Nestle Cream,2.000,39.99,79.98
e27275cd-5550-48bd-807e-2c250c151a88,616b7cc8-bdee-4fda-9065-24aab9a12cde,Bega Cheese,1.000,60.00,60.00
e27bd79d-3b23-4c73-bf2e-50282b25ec20,0f2a552e-5cbe-4ba5-bd21-e2e409b29009,ONION INDIA BOAT Kg TOA (Kg NC),1.160,10.00,11.60
e6257340-5104-4604-8d8b-4a097b1eb4bc,b3f26559-3e91-4739-b1fc-bef0b8a25094,Kg D% %Damage Er,1.000,2553.00,2553.00
e6bf7209-9a0b-4cab-a5ba-4b9a5ac8e8fc,0f2a552e-5cbe-4ba5-bd21-e2e409b29009,SWEET POTATO EC Kg © i,42.000,20.00,840.00
e823668f-8b73-4523-bcf8-13af4bc7977e,b3f26559-3e91-4739-b1fc-bef0b8a25094,RED BELL PEPPER Kg (Kg Sw),0.220,90.00,3.00
e92e223e-3123-47e4-9d2d-aaa22aba5845,54a70f2d-cc95-4793-98a3-0e3fb9b63d22,Sugar,2.000,5.00,10.00
e98defe6-585e-485b-9221-2b0f771a480a,616b7cc8-bdee-4fda-9065-24aab9a12cde,Ginger China,0.480,50.00,24.00
e9cf76b9-1851-4b27-a945-be9b120b7954,56005432-4401-4be2-b21f-0870f7d926ef,Boneless Chicken 2kg,3.000,110.00,330.00
f22cd2a1-ddf0-437a-b6b8-859d341c5803,616b7cc8-bdee-4fda-9065-24aab9a12cde,Chinese Cucumber,0.390,65.00,25.35
f5077156-bea6-44d8-9312-c3a49acf55f9,616b7cc8-bdee-4fda-9065-24aab9a12cde,French Fries 7mm,1.000,27.00,27.00
f58d8933-8178-4a67-8c27-3f43176d2661,616b7cc8-bdee-4fda-9065-24aab9a12cde,Leeks Lanka,0.470,85.00,39.95
f8919452-742e-4124-8c3b-ae6e2078ee49,d2fa1ebf-1b8c-44b1-9e26-7c15c458e3ab,Flour,4.000,5.00,20.00